"portal","suchbegriff","titel","auftraggeber","veroeffentlichungsdatum","frist","beschreibung","link"
"Burgenland","Raumplanung","L 203, Zurndorfer Straße, OD Zurndorf; km 0,000 - 0,887","Land Burgenland","","21 Apr. 2026 10:00","L 203, Zurndorfer Straße, OD Zurndorf; km 0,000 - 0,887 Art der Bekanntmachung: Auftragsbekanntmachung Auftraggeber: Land Burgenland","https://burgenland.vergabeportal.at/List/Detail/241037-00"
"Burgenland","Raumplanung","137 Aktivpark Güssing - Innentüren und Holztrennwände","LIB - Landesimmobilien Burgenland GmbH","","20 Apr. 2026 08:00","137 Aktivpark Güssing - Innentüren und Holztrennwände Art der Bekanntmachung: Direktvergabe mit vorheriger Bekanntmachung Auftraggeber: LIB - Landesimmobilien Burgenland GmbH","https://burgenland.vergabeportal.at/List/Detail/240971-00"
"Burgenland","Raumplanung","137 Aktivpark Güssing - Bodenlegerarbeiten","LIB - Landesimmobilien Burgenland GmbH","","20 Apr. 2026 08:00","137 Aktivpark Güssing - Bodenlegerarbeiten Art der Bekanntmachung: Direktvergabe mit vorheriger Bekanntmachung Auftraggeber: LIB - Landesimmobilien Burgenland GmbH","https://burgenland.vergabeportal.at/List/Detail/240976-00"
"Burgenland","Raumplanung","WVA WVMB BA61 - Sanierung und (Neu-)Errichtung von Wasserleitungen","Wasserverband Mittleres Burgenland","","24 Apr. 2026 10:00","WVA WVMB BA61 - Sanierung und (Neu-)Errichtung von Wasserleitungen Art der Bekanntmachung: Auftragsbekanntmachung Auftraggeber: Wasserverband Mittleres Burgenland","https://burgenland.vergabeportal.at/List/Detail/238312-00"
"Burgenland","Raumplanung","Kinderspielplatz - Zu-, Umbau- und Sanierungsarbeiten bei dem bestehenden Hallenbad i. d. KG Neusiedl am See","PEB – Projektentwicklung Burgenland GmbH","","24 Apr. 2026 09:00","Kinderspielplatz - Zu-, Umbau- und Sanierungsarbeiten bei dem bestehenden Hallenbad i. d. KG Neusiedl am See Art der Bekanntmachung: Direktvergabe mit vorheriger Bekanntmachung Auftraggeber: PEB – Projektentwicklung Burgenland GmbH","https://burgenland.vergabeportal.at/List/Detail/240858-00"
"Burgenland","Raumplanung","Projekt PV Rail Power Boxen für Ventus Fahrzeuge","Raab-Oedenburg-Ebenfurter-Eisenbahn AG","","","Projekt PV Rail Power Boxen für Ventus Fahrzeuge Art der Bekanntmachung: Bekanntgabe vergebener Aufträge (USB) Auftraggeber: Raab-Oedenburg-Ebenfurter-Eisenbahn AG","https://burgenland.vergabeportal.at/List/Detail/239894-00"
"Burgenland","Raumplanung","Projekt IT Druckeranschaffung inkl. Mietvertrag","Raab-Oedenburg-Ebenfurter-Eisenbahn AG","","","Projekt IT Druckeranschaffung inkl. Mietvertrag Art der Bekanntmachung: Bekanntgabe vergebener Aufträge (USB) Auftraggeber: Raab-Oedenburg-Ebenfurter-Eisenbahn AG","https://burgenland.vergabeportal.at/List/Detail/239912-00"
"Burgenland","Raumplanung","PV W-Lan inkl. Setup und Betriebsführung","Raab-Oedenburg-Ebenfurter-Eisenbahn AG","","","PV W-Lan inkl. Setup und Betriebsführung Art der Bekanntmachung: Bekanntgabe vergebener Aufträge (USB) Auftraggeber: Raab-Oedenburg-Ebenfurter-Eisenbahn AG","https://burgenland.vergabeportal.at/List/Detail/239924-00"
"Burgenland","Raumplanung","Holmium-Laser","Burgenländische Krankenanstalten-Gesellschaft m.b.H.","","","Holmium-Laser Art der Bekanntmachung: Bekanntgabe vergebener Aufträge (USB) Auftraggeber: Burgenländische Krankenanstalten-Gesellschaft m.b.H.","https://burgenland.vergabeportal.at/List/Detail/239975-00"
"Burgenland","Raumplanung","VIB-Verkehrsinfrastruktur 2025","Verkehrsinfrastruktur Burgenland GmbH","","27 Apr. 2026 10:00","VIB-Verkehrsinfrastruktur 2025 Art der Bekanntmachung: Auftragsbekanntmachung – Sektoren Auftraggeber: Verkehrsinfrastruktur Burgenland GmbH","https://burgenland.vergabeportal.at/List/Detail/229386-00"
"Burgenland","Raumplanung","ARW Weiden am See B10","Amt der Burgenländischen Landesregierung","","07 Apr. 2026 13:00","ARW Weiden am See B10 Art der Bekanntmachung: Auftragsbekanntmachung Auftraggeber: Amt der Burgenländischen Landesregierung","https://burgenland.vergabeportal.at/List/Detail/240007-00"
"Burgenland","Raumplanung","Gesundheit Burgenland - Neubau Klinik Gols - Generalplanungsleistungen","Burgenländische Krankenanstalten Ges.m.b.H.","","","Gesundheit Burgenland - Neubau Klinik Gols - Generalplanungsleistungen Art der Bekanntmachung: Bekanntgabe vergebener Aufträge* Auftraggeber: Burgenländische Krankenanstalten Ges.m.b.H.","https://burgenland.vergabeportal.at/List/Detail/240150-00"
"Burgenland","Raumplanung","Lieferung 20-kV Kabel Wallern","Netz Burgenland GmbH, im Vergabeverfahren vertreten durch die BE Service GmbH","","07 Apr. 2026 12:00","Lieferung 20-kV Kabel Wallern Art der Bekanntmachung: Auftragsbekanntmachung Auftraggeber: Netz Burgenland GmbH, im Vergabeverfahren vertreten durch die BE Service GmbH","https://burgenland.vergabeportal.at/List/Detail/239814-00"
"Burgenland","Raumplanung","Hochwasserschutz Hirmer Bach km 0,00 - km 0,35 - Fasangasse; ERD- UND BAUMEISTERARBEITEN","Gemeinde Wulkaprodersdorf","","13 Apr. 2026 10:00","Hochwasserschutz Hirmer Bach km 0,00 - km 0,35 - Fasangasse; ERD- UND BAUMEISTERARBEITEN Art der Bekanntmachung: Auftragsbekanntmachung Auftraggeber: Gemeinde Wulkaprodersdorf","https://burgenland.vergabeportal.at/List/Detail/240098-00"
"Burgenland","Raumplanung","018-03 Landesmuseum Bgld. - Generalsanierung - Zimmerer","LIB - Landesimmobilien Burgenland GmbH","","01 Apr. 2026 10:00","018-03 Landesmuseum Bgld. - Generalsanierung - Zimmerer Art der Bekanntmachung: Direktvergabe mit vorheriger Bekanntmachung Auftraggeber: LIB - Landesimmobilien Burgenland GmbH","https://burgenland.vergabeportal.at/List/Detail/239617-00"
"Burgenland","Raumplanung","018-03 Landesmuseum Bgld. - Generalsanierung - Malerarbeiten","LIB - Landesimmobilien Burgenland GmbH","","17 Apr. 2026 09:00","018-03 Landesmuseum Bgld. - Generalsanierung - Malerarbeiten Art der Bekanntmachung: Auftragsbekanntmachung Auftraggeber: LIB - Landesimmobilien Burgenland GmbH","https://burgenland.vergabeportal.at/List/Detail/239453-00"
"Burgenland","Raumplanung","Fahrleitungsmasten Sanierung Baumgarten","Raab-Oedenburg-Ebenfurter-Eisenbahn AG","","","Fahrleitungsmasten Sanierung Baumgarten Art der Bekanntmachung: Bekanntgabe vergebener Aufträge (USB) Auftraggeber: Raab-Oedenburg-Ebenfurter-Eisenbahn AG","https://burgenland.vergabeportal.at/List/Detail/238949-00"
"Burgenland","Raumplanung","018-03 Landesmuseum Bgld. - Generalsanierung - Natursteinarbeiten","LIB - Landesimmobilien Burgenland GmbH","","13 Apr. 2026 09:00","018-03 Landesmuseum Bgld. - Generalsanierung - Natursteinarbeiten Art der Bekanntmachung: Auftragsbekanntmachung Auftraggeber: LIB - Landesimmobilien Burgenland GmbH","https://burgenland.vergabeportal.at/List/Detail/239225-00"
"Burgenland","Raumplanung","Hochbehälter Jois - Außensanierung","Wasserleitungsverband Nördliches Burgenland","","09 Apr. 2026 10:00","Hochbehälter Jois - Außensanierung Art der Bekanntmachung: Auftragsbekanntmachung Auftraggeber: Wasserleitungsverband Nördliches Burgenland","https://burgenland.vergabeportal.at/List/Detail/239278-00"
"Burgenland","Raumplanung","Land Burgenland - Einsatzleitsystem","Amt der Burgenländischen Landesregierung","","","Land Burgenland - Einsatzleitsystem Art der Bekanntmachung: Bekanntmachung über Auftragsänderung – allgemeine Richtlinie Auftraggeber: Amt der Burgenländischen Landesregierung","https://burgenland.vergabeportal.at/List/Detail/236372-00"
"Burgenland","Raumplanung","So Wohnt Burgenland GmbH – Fliesenleger – Demenzzentrum Rechnitz","SOWO – So wohnt Burgenland GmbH","","08 Apr. 2026 12:00","So Wohnt Burgenland GmbH – Fliesenleger – Demenzzentrum Rechnitz Art der Bekanntmachung: Auftragsbekanntmachung Auftraggeber: SOWO – So wohnt Burgenland GmbH","https://burgenland.vergabeportal.at/List/Detail/238731-00"
"Burgenland","Raumplanung","Sanierung Transportleitung TL013 - Siegendorf – Eisenstadt, BA1-Trausdorf-Eisenstadt","Wasserleitungsverband Nördliches Burgenland","","01 Apr. 2026 10:00","Sanierung Transportleitung TL013 - Siegendorf – Eisenstadt, BA1-Trausdorf-Eisenstadt Art der Bekanntmachung: Auftragsbekanntmachung Auftraggeber: Wasserleitungsverband Nördliches Burgenland","https://burgenland.vergabeportal.at/List/Detail/238563-00"
"Burgenland","Raumplanung","Adaptierung Gewerk 3 – Mechanik & EMSR-Technik","Umweltdienst Burgenland GmbH","","02 Apr. 2026 12:00","Adaptierung Gewerk 3 – Mechanik & EMSR-Technik Art der Bekanntmachung: Auftragsbekanntmachung Auftraggeber: Umweltdienst Burgenland GmbH","https://burgenland.vergabeportal.at/List/Detail/238341-00"
"Burgenland","Raumplanung","WLVNB-WVMB ""Trinkwasserversorgung""","Wasserleitungsverband nördliches Burgenland","","02 Apr. 2026 10:00","WLVNB-WVMB ""Trinkwasserversorgung"" Art der Bekanntmachung: Auftragsbekanntmachung – Sektoren Auftraggeber: Wasserleitungsverband nördliches Burgenland","https://burgenland.vergabeportal.at/List/Detail/238076-00"
"Burgenland","Raumplanung","So Wohnt Burgenland GmbH –Trockenbau – Demenzzentrum Rechnitz","SOWO – So wohnt Burgenland GmbH","","02 Apr. 2026 12:00","So Wohnt Burgenland GmbH –Trockenbau – Demenzzentrum Rechnitz Art der Bekanntmachung: Auftragsbekanntmachung Auftraggeber: SOWO – So wohnt Burgenland GmbH","https://burgenland.vergabeportal.at/List/Detail/238201-00"
"Burgenland","Raumplanung","Klinik Güssing - EU-weiter, einstufiger, offener, anonymer GP-Realisierungswettbewerb","Burgenländische Krankenanstalten-Gesellschaft m.b.H.","","01 Apr. 2026 12:00","Klinik Güssing - EU-weiter, einstufiger, offener, anonymer GP-Realisierungswettbewerb Berichtigt Art der Bekanntmachung: Wettbewerbsbekanntmachung Auftraggeber: Burgenländische Krankenanstalten-Gesellschaft m.b.H.","https://burgenland.vergabeportal.at/List/Detail/231525-01"
"Burgenland","Raumplanung","129_FF Hornstein_Baumeisterarbeiten","PEB – Projektentwicklung Burgenland GmbH","","13 Aug. 2025 08:00","129_FF Hornstein_Baumeisterarbeiten Widerrufserklärung Art der Bekanntmachung: Auftragsbekanntmachung Auftraggeber: PEB – Projektentwicklung Burgenland GmbH","https://burgenland.vergabeportal.at/List/Detail/220740-00"
"USP Bund","Raumplanung","Wien Meidling; Verbundgebäude Planung - Generalplanungsleistungen (Objektplanung und Fachplanung) für LPH 1-4 und optional für LPH 5-9","ÖBB-Infrastruktur AG","2026-03-31","","","tender-detail?object=505019f6-4c66-4ce4-9700-a5ed3cf664c3-b7f115d2-0963-459f-91ae-3ee83ab8fd00&backlink=L2F0Lmd2LmJtZHcuZXByb2MtcC9wdWJsaWMvdGVuZGVybGlzdD9xPVJhdW1wbGFudW5nJmxvYWRlZD10cnVl&orderColumn=2&orderDir=desc&start=0"
"USP Bund","Raumplanung","Neumarkt-Köstendorf – Salzburg; Neubaustrecke, Ausschreibungsplanung und vorgezogene Maßnahmen - Detailplanung Ökologie, optional: Umweltbaubegleitung und Monitoring","ÖBB-Infrastruktur AG","2026-03-20","","","tender-detail?object=505019f6-4c66-4ce4-9700-a5ed3cf664c3-e9bb03d0-28a6-454f-8201-cce3324b509f&backlink=L2F0Lmd2LmJtZHcuZXByb2MtcC9wdWJsaWMvdGVuZGVybGlzdD9xPVJhdW1wbGFudW5nJmxvYWRlZD10cnVl&orderColumn=2&orderDir=desc&start=0"
"USP Bund","Raumplanung","A12 INSB + GSA Imst - Mils, km 131,420 – km 136,670 - Ökologische Baubegleitung","Autobahnen- und Schnellstraßen-Finanzierungs-Aktiengesellschaft","2026-02-02","","","tender-detail?object=41a809d9-0b61-4991-86b8-74dc07973af3-6f16160b-e4cc-4db8-ae8b-b187d32ad33a&backlink=L2F0Lmd2LmJtZHcuZXByb2MtcC9wdWJsaWMvdGVuZGVybGlzdD9xPVJhdW1wbGFudW5nJmxvYWRlZD10cnVl&orderColumn=2&orderDir=desc&start=0"
"USP Bund","Raumplanung","Beratungsleistungen Organisation","ÖBB Business Competence Center GmbH","2026-01-27","","","tender-detail?object=505019f6-4c66-4ce4-9700-a5ed3cf664c3-305937b7-a7b6-44cd-b64d-48f3567c05ec&backlink=L2F0Lmd2LmJtZHcuZXByb2MtcC9wdWJsaWMvdGVuZGVybGlzdD9xPVJhdW1wbGFudW5nJmxvYWRlZD10cnVl&orderColumn=2&orderDir=desc&start=0"
"USP Bund","Raumplanung","Studie Politische Teilhabe in Europäischen Metropolen","Kammer für Arbeiter und Angestellte für Wien","2026-01-12","","","tender-detail?object=a2c49245-23b2-46e1-acc7-c5a78913a090-2bac8f3f-86d6-4cf5-a073-ccf2104c76f3&backlink=L2F0Lmd2LmJtZHcuZXByb2MtcC9wdWJsaWMvdGVuZGVybGlzdD9xPVJhdW1wbGFudW5nJmxvYWRlZD10cnVl&orderColumn=2&orderDir=desc&start=0"
"USP Bund","Raumplanung","Verteilerkreis Favoriten Wien - Planervertrag Masterplanung Städtebau, Architektur und Freiraumplanung","Autobahnen- und Schnellstraßen-Finanzierungs-Aktiengesellschaft","2026-01-12","","","tender-detail?object=41a809d9-0b61-4991-86b8-74dc07973af3-ffb9a1ba-cfb6-4b69-8cbb-be5342ed9e5b&backlink=L2F0Lmd2LmJtZHcuZXByb2MtcC9wdWJsaWMvdGVuZGVybGlzdD9xPVJhdW1wbGFudW5nJmxvYWRlZD10cnVl&orderColumn=2&orderDir=desc&start=0"
"USP Bund","Raumplanung","INSB+WRS+LS Mötz-Simmeringgalerie, km 113,200 – km 116,700 - Ökologische Baubegleitung","Autobahnen- und Schnellstraßen-Finanzierungs-Aktiengesellschaft","2025-11-25","","","tender-detail?object=41a809d9-0b61-4991-86b8-74dc07973af3-5b128b3c-4ef3-4443-bc83-ca5e149b4a6c&backlink=L2F0Lmd2LmJtZHcuZXByb2MtcC9wdWJsaWMvdGVuZGVybGlzdD9xPVJhdW1wbGFudW5nJmxvYWRlZD10cnVl&orderColumn=2&orderDir=desc&start=0"
"USP Bund","Raumplanung","Gewässerpflegekonzepte - Bezirke Kitzbühel und Imst","Republik Österreich, Bundesministerium für Land- und Forstwirtschaft, Klima- und Umweltschutz, Regionen und Wasserwirtschaft, Bundeswasserbauverwaltung, vertreten durch das Amt der Tiroler Landesregierung, Abteilung Wasserwirtschaft","2025-11-23","","","tender-detail?object=a2c49245-23b2-46e1-acc7-c5a78913a090-b0c8175c-dd8a-4ed1-a041-159323f738e7&backlink=L2F0Lmd2LmJtZHcuZXByb2MtcC9wdWJsaWMvdGVuZGVybGlzdD9xPVJhdW1wbGFudW5nJmxvYWRlZD10cnVl&orderColumn=2&orderDir=desc&start=0"
"USP Bund","Raumplanung","BAUI 7117KW Obervellach II-BAU - Ökologisches Monitoring","ÖBB-Infrastruktur AG","2025-10-27","","","tender-detail?object=505019f6-4c66-4ce4-9700-a5ed3cf664c3-7a4b5837-9725-4696-a2e4-6971dde70988&backlink=L2F0Lmd2LmJtZHcuZXByb2MtcC9wdWJsaWMvdGVuZGVybGlzdD9xPVJhdW1wbGFudW5nJmxvYWRlZD10cnVl&orderColumn=2&orderDir=desc&start=0"
"USP Bund","Raumplanung","S36 TA01 Judenburg - St. Georgen o.J. - Umweltuntersuchungen Tiere und Pflanzen","Autobahnen- und Schnellstraßen-Finanzierungs-Aktiengesellschaft","2025-10-20","","","tender-detail?object=41a809d9-0b61-4991-86b8-74dc07973af3-19072310-3d68-496e-b428-48582d1f448c&backlink=L2F0Lmd2LmJtZHcuZXByb2MtcC9wdWJsaWMvdGVuZGVybGlzdD9xPVJhdW1wbGFudW5nJmxvYWRlZD10cnVl&orderColumn=2&orderDir=desc&start=0"
"USP Bund","Raumplanung","Rahmenvereinbarung Umweltfachperson für Fragestellungen iZm Naturschutz, Forst und Landschaftsbau, - Österreichweit in 4 Losen 2025-2027 (GL) und 2028-2029 (Option)","Autobahnen- und Schnellstraßen-Finanzierungs-Aktiengesellschaft","2025-09-02","","","tender-detail?object=41a809d9-0b61-4991-86b8-74dc07973af3-59a1aaf8-cb7d-4e4c-96fc-458c9a3eae49&backlink=L2F0Lmd2LmJtZHcuZXByb2MtcC9wdWJsaWMvdGVuZGVybGlzdD9xPVJhdW1wbGFudW5nJmxvYWRlZD10cnVl&orderColumn=2&orderDir=desc&start=0"
"USP Bund","Raumplanung","Beratungsleistungen Organisation","ÖBB Business Competence Center GmbH","2025-08-26","","","tender-detail?object=505019f6-4c66-4ce4-9700-a5ed3cf664c3-8a9d3c54-4397-4f17-8ee6-42c30cc7a70b&backlink=L2F0Lmd2LmJtZHcuZXByb2MtcC9wdWJsaWMvdGVuZGVybGlzdD9xPVJhdW1wbGFudW5nJmxvYWRlZD10cnVl&orderColumn=2&orderDir=desc&start=0"
"USP Bund","Raumplanung","Sammelausschreibung NGP Projekte Dornbirnerach, Lustenauerkanal und Spirsbach","Bund (Republik Österreich), Bundeswasserbauverwaltung, vertreten durch das Amt der Vorarlberger Landesregierung, Abteilung Wasserwirtschaft (VIId)","2025-08-08","","","tender-detail?object=a2c49245-23b2-46e1-acc7-c5a78913a090-d89acbbd-2141-4280-b5db-255fd1aa599f&backlink=L2F0Lmd2LmJtZHcuZXByb2MtcC9wdWJsaWMvdGVuZGVybGlzdD9xPVJhdW1wbGFudW5nJmxvYWRlZD10cnVl&orderColumn=2&orderDir=desc&start=0"
"USP Bund","Raumplanung","Beratungsleistungen Organisation","ÖBB Business Competence Center GmbH","2025-07-16","","","tender-detail?object=505019f6-4c66-4ce4-9700-a5ed3cf664c3-ed15322c-0ef8-4606-b1dc-79d09c6e6e00&backlink=L2F0Lmd2LmJtZHcuZXByb2MtcC9wdWJsaWMvdGVuZGVybGlzdD9xPVJhdW1wbGFudW5nJmxvYWRlZD10cnVl&orderColumn=2&orderDir=desc&start=0"
"USP Bund","Raumplanung","Wien Meidling; Verbundgebäude Planung - Generalplanungsleistungen (Objektplanung und Fachplanung) für LPH 1-4 und optional für LPH 5-9","ÖBB-Infrastruktur AG","2025-07-15","","","tender-detail?object=505019f6-4c66-4ce4-9700-a5ed3cf664c3-f240fe4e-4f8d-491b-96d9-f18a0456546a&backlink=L2F0Lmd2LmJtZHcuZXByb2MtcC9wdWJsaWMvdGVuZGVybGlzdD9xPVJhdW1wbGFudW5nJmxvYWRlZD10cnVl&orderColumn=2&orderDir=desc&start=0"
"USP Bund","Raumplanung","A14 Rheintal/Walgau Autobahn - SAB ASt Bludenz-Nüziders bis ASt. Bludenz-Bürs - Umweltuntersuchung EP","Autobahnen- und Schnellstraßen-Finanzierungs-Aktiengesellschaft","2025-07-10","","","tender-detail?object=41a809d9-0b61-4991-86b8-74dc07973af3-7ec90ff1-3e6c-454c-9245-9637a8e5e5e1&backlink=L2F0Lmd2LmJtZHcuZXByb2MtcC9wdWJsaWMvdGVuZGVybGlzdD9xPVJhdW1wbGFudW5nJmxvYWRlZD10cnVl&orderColumn=2&orderDir=desc&start=0"
"USP Bund","Raumplanung","Österreich Unterwegs (ÖU) - Pretest Controlling","Auftraggeberin ist die Republik Österreich (Bund), vertreten durch den Bundesminister für Innovation, Mobilität und Infrastruktur","2025-05-20","","","tender-detail?object=a2c49245-23b2-46e1-acc7-c5a78913a090-d421b2ce-0564-4543-b184-0b877eb824b1&backlink=L2F0Lmd2LmJtZHcuZXByb2MtcC9wdWJsaWMvdGVuZGVybGlzdD9xPVJhdW1wbGFudW5nJmxvYWRlZD10cnVl&orderColumn=2&orderDir=desc&start=0"
"USP Bund","Raumplanung","A14 Rheintal / Walgau Autobahn, Rastplätze Walgau Nord und Süd - A14 / Rastplätze Walgau Nord u. Süd / Umweltbaubegleitung und landschaftspflegerische Begleitplanung","Autobahnen- und Schnellstraßen-Finanzierungs-Aktiengesellschaft","2025-04-28","","","tender-detail?object=41a809d9-0b61-4991-86b8-74dc07973af3-0fdfa9ef-acc5-4810-b5c9-aa22f9434428&backlink=L2F0Lmd2LmJtZHcuZXByb2MtcC9wdWJsaWMvdGVuZGVybGlzdD9xPVJhdW1wbGFudW5nJmxvYWRlZD10cnVl&orderColumn=2&orderDir=desc&start=0"
"USP Bund","Raumplanung","Pongratz-Moore-Steg Planungsdienstleistungen - Neuerrichtung","Stadt Graz - Stadtbauamt","2025-04-18","","","tender-detail?object=fde58043-87ff-44b0-b6b0-3d089adfba4c-9110006916210_BVergG-VIII-2-Z1_431261&backlink=L2F0Lmd2LmJtZHcuZXByb2MtcC9wdWJsaWMvdGVuZGVybGlzdD9xPVJhdW1wbGFudW5nJmxvYWRlZD10cnVl&orderColumn=2&orderDir=desc&start=0"
"USP Bund","Raumplanung","SEB007 Grafenstein-Klagenfurt Hbf; Herstellung güterzuglange Überholgleise; IE; SEB008 Klagenfurt Hbf-Villach Hbf; Streckenattraktivierung; km 125,881 - km 164,264; IE - Strecken- und Raumplanung","ÖBB-Infrastruktur AG","2025-04-14","","","tender-detail?object=505019f6-4c66-4ce4-9700-a5ed3cf664c3-ca33e31c-6645-44fd-b979-5a31d2785334&backlink=L2F0Lmd2LmJtZHcuZXByb2MtcC9wdWJsaWMvdGVuZGVybGlzdD9xPVJhdW1wbGFudW5nJmxvYWRlZD10cnVl&orderColumn=2&orderDir=desc&start=0"
"USP Bund","Raumplanung","Vergabe der Erhebung des biologischen Qualitätselements Fische (FIS) für den Beobachtungszeitraum 2025-2027 gemäß Gewässerzustandsüberwachungsverordnung (GZÜV) 2006 idgF","Bundesministerium für Land- und Forstwirtschaft, Regionen und Wasserwirtschaft","2025-04-09","","","tender-detail?object=a2c49245-23b2-46e1-acc7-c5a78913a090-9feca175-c92b-4329-9b9b-ac05be714122&backlink=L2F0Lmd2LmJtZHcuZXByb2MtcC9wdWJsaWMvdGVuZGVybGlzdD9xPVJhdW1wbGFudW5nJmxvYWRlZD10cnVl&orderColumn=2&orderDir=desc&start=0"
"USP Bund","Raumplanung","St.Veit a.d. Glan - Villach Hbf; Attraktivierung Ossiacherseebahn, Planung - Naturschutzrechtliche Beratungsleistungen im Zuge der Erstellung der EB-Planung","ÖBB-Infrastruktur AG","2025-04-02","","","tender-detail?object=505019f6-4c66-4ce4-9700-a5ed3cf664c3-73ca1973-fe1c-4a3a-a7e0-62f19242b881&backlink=L2F0Lmd2LmJtZHcuZXByb2MtcC9wdWJsaWMvdGVuZGVybGlzdD9xPVJhdW1wbGFudW5nJmxvYWRlZD10cnVl&orderColumn=2&orderDir=desc&start=0"
"USP Bund","Raumplanung","Almkartierung","Kärntner Nationalparkfonds Hohe Tauern und Salzburger Nationalparkfonds","2025-03-04","","","tender-detail?object=a2c49245-23b2-46e1-acc7-c5a78913a090-86da6495-e378-45a0-b66a-6e05f713d90e&backlink=L2F0Lmd2LmJtZHcuZXByb2MtcC9wdWJsaWMvdGVuZGVybGlzdD9xPVJhdW1wbGFudW5nJmxvYWRlZD10cnVl&orderColumn=2&orderDir=desc&start=0"
"USP Bund","Raumplanung","Ederbauer; Herstellung güterzuglange Überholgleise, Planung - Naturschutzrechtliche und Forstrechtliche Einreichunterlagen","ÖBB-Infrastruktur AG","2025-03-04","","","tender-detail?object=505019f6-4c66-4ce4-9700-a5ed3cf664c3-8244df7f-962a-4b30-9353-8e7214f6fc49&backlink=L2F0Lmd2LmJtZHcuZXByb2MtcC9wdWJsaWMvdGVuZGVybGlzdD9xPVJhdW1wbGFudW5nJmxvYWRlZD10cnVl&orderColumn=2&orderDir=desc&start=0"
"USP Bund","Raumplanung","LIFE Projekt AMooRe, Projektmanagement","Land Vorarlberg, Amt der Vorarlberger Landesregierung, Abteilung Umwelt- und Klimaschutz","2024-12-31","","","tender-detail?object=a2c49245-23b2-46e1-acc7-c5a78913a090-980ec226-1a7f-488d-92ca-3b35a1ef791b&backlink=L2F0Lmd2LmJtZHcuZXByb2MtcC9wdWJsaWMvdGVuZGVybGlzdD9xPVJhdW1wbGFudW5nJmxvYWRlZD10cnVl&orderColumn=2&orderDir=desc&start=0"
"USP Bund","Regionalentwicklung","Regionalentwicklung Kampwald – Naturschutzgebiet Dobratal Artenschutzinitialprojekt Wald","Land Niederösterreich, p.A. Amt der NÖ-Landesregierung, Abteilung Raumordnung und Gesamtverkehrsangelegenheiten","2025-11-23","2025-12-22","","tender-detail?object=fde58043-87ff-44b0-b6b0-3d089adfba4c-9110002556748_BVergG-VIII-1-Z2_270761&backlink=L2F0Lmd2LmJtZHcuZXByb2MtcC9wdWJsaWMvdGVuZGVybGlzdD9xPVJlZ2lvbmFsZW50d2lja2x1bmcmbG9hZGVkPXRydWU=&orderColumn=2&orderDir=desc&start=0"
"USP Bund","Regionalentwicklung","Regionalentwicklung Kampwald – Naturschutzgebiet Dobratal Artenschutzinitialprojekt Gewässer","Land Niederösterreich, p.A. Amt der NÖ-Landesregierung, Abteilung Raumordnung und Gesamtverkehrsangelegenheiten","2025-11-23","2025-12-22","","tender-detail?object=fde58043-87ff-44b0-b6b0-3d089adfba4c-9110002556748_BVergG-VIII-1-Z2_856391&backlink=L2F0Lmd2LmJtZHcuZXByb2MtcC9wdWJsaWMvdGVuZGVybGlzdD9xPVJlZ2lvbmFsZW50d2lja2x1bmcmbG9hZGVkPXRydWU=&orderColumn=2&orderDir=desc&start=0"
"USP Bund","Regionalentwicklung","Land Niederösterreich / Regionalentwicklung Kampwald – Managementplan Naturschutzgebiet Dobratal","Land Niederösterreich, p.A. Amt der NÖ-Landesregierung, Abteilung Raumordnung und Gesamtverkehrsangelegenheiten","2025-08-22","2025-09-23","","tender-detail?object=fde58043-87ff-44b0-b6b0-3d089adfba4c-9110002556748_BVergG-VIII-1-Z2_478191&backlink=L2F0Lmd2LmJtZHcuZXByb2MtcC9wdWJsaWMvdGVuZGVybGlzdD9xPVJlZ2lvbmFsZW50d2lja2x1bmcmbG9hZGVkPXRydWU=&orderColumn=2&orderDir=desc&start=0"
"USP Bund","Regionalentwicklung","BAI0.NAA7770.20 Werndorf - Lebring - G 29308 - UVE Koordination","ÖBB-Infrastruktur AG","2025-03-04","","","tender-detail?object=505019f6-4c66-4ce4-9700-a5ed3cf664c3-9d7b5831-deab-4093-9fc7-0adfaf873fed&backlink=L2F0Lmd2LmJtZHcuZXByb2MtcC9wdWJsaWMvdGVuZGVybGlzdD9xPVJlZ2lvbmFsZW50d2lja2x1bmcmbG9hZGVkPXRydWU=&orderColumn=2&orderDir=desc&start=0"
"USP Bund","Regionalentwicklung","BAW29919 Krumpendorf; Machtbarkeitsstudie für EK Auflassungen im Gde-Gebiet, km 131,686 - km 136,063 - Machbarkeitsstudie für EK-Auflassungen","ÖBB-Infrastruktur AG","2024-12-05","","","tender-detail?object=505019f6-4c66-4ce4-9700-a5ed3cf664c3-1fe06925-369c-4bbe-9414-d1b09e45151e&backlink=L2F0Lmd2LmJtZHcuZXByb2MtcC9wdWJsaWMvdGVuZGVybGlzdD9xPVJlZ2lvbmFsZW50d2lja2x1bmcmbG9hZGVkPXRydWU=&orderColumn=2&orderDir=desc&start=0"
"USP Bund","Regionalentwicklung","Interessentensuche für einen Betreiber der Fossilienwelt GmbH am Standort Stetten","Regionalentwicklungsverein ""10 vor Wien - Donau Raum Weinviertel""","2024-12-02","","","tender-detail?object=a2c49245-23b2-46e1-acc7-c5a78913a090-506094bc-e7d5-4b8a-95fd-ebed406e1945&backlink=L2F0Lmd2LmJtZHcuZXByb2MtcC9wdWJsaWMvdGVuZGVybGlzdD9xPVJlZ2lvbmFsZW50d2lja2x1bmcmbG9hZGVkPXRydWU=&orderColumn=2&orderDir=desc&start=0"
"USP Bund","Regionalentwicklung","Wagna - Staatsgrenze n. Spielfeld-Straß; zweigleisiger Ausbau; Planung (Phase 2) - WS-S_UVE FB Mensch, Tourismus, Raumplanung","ÖBB-Infrastruktur AG","2024-10-08","","","tender-detail?object=505019f6-4c66-4ce4-9700-a5ed3cf664c3-1bc2a38d-8205-478b-bf58-71d01a952a45&backlink=L2F0Lmd2LmJtZHcuZXByb2MtcC9wdWJsaWMvdGVuZGVybGlzdD9xPVJlZ2lvbmFsZW50d2lja2x1bmcmbG9hZGVkPXRydWU=&orderColumn=2&orderDir=desc&start=0"
"USP Bund","Regionalentwicklung","Begleitung von Prozessen zur Stärkung von Orts- und Stadtkernen im Bezirk Reutte","Verein Regionalentwicklung Außerfern - REA","2024-07-02","","","tender-detail?object=23602b0b-c7b0-4f10-9910-7ee5329433bc-019072bd-7d95-4e6c-9ab9-ae872b4a61f3&backlink=L2F0Lmd2LmJtZHcuZXByb2MtcC9wdWJsaWMvdGVuZGVybGlzdD9xPVJlZ2lvbmFsZW50d2lja2x1bmcmbG9hZGVkPXRydWU=&orderColumn=2&orderDir=desc&start=0"
"USP Bund","Regionalentwicklung","BAUP.7780, Werndorf - Weitendorf & BAUP.7766, Weitendorf - Wettmannstätten - G28202 Datenbank für UVP-Maßnahmen, Synthesebericht für Betriebsbewilligung","ÖBB-Infrastruktur AG","2024-04-30","","","tender-detail?object=505019f6-4c66-4ce4-9700-a5ed3cf664c3-f826e9b9-da19-4281-9f53-dc2cdff41b4a&backlink=L2F0Lmd2LmJtZHcuZXByb2MtcC9wdWJsaWMvdGVuZGVybGlzdD9xPVJlZ2lvbmFsZW50d2lja2x1bmcmbG9hZGVkPXRydWU=&orderColumn=2&orderDir=desc&start=0"
"USP Bund","Regionalentwicklung","Ausschreibung zum Abschluss eines Lieferauftrages zur Beschaffung von digitalen Amtstafeln für Gemeinden des Vereins Regionalentwicklung Pinzgau","Verein Regionalentwicklung Pinzgau","2024-04-24","","","tender-detail?object=a2c49245-23b2-46e1-acc7-c5a78913a090-b4a4aa3f-adb1-44e6-aba1-07e99ea1dbf2&backlink=L2F0Lmd2LmJtZHcuZXByb2MtcC9wdWJsaWMvdGVuZGVybGlzdD9xPVJlZ2lvbmFsZW50d2lja2x1bmcmbG9hZGVkPXRydWU=&orderColumn=2&orderDir=desc&start=0"
"USP Bund","Regionalentwicklung","AMR002 Staatsgrenze nächst Jennersdorf - Graz Hbf, Elektrifizierung - Umweltbericht","ÖBB-Infrastruktur AG","2024-04-16","","","tender-detail?object=505019f6-4c66-4ce4-9700-a5ed3cf664c3-ed1ad7ad-1860-4b31-903a-9b3df9cbb83c&backlink=L2F0Lmd2LmJtZHcuZXByb2MtcC9wdWJsaWMvdGVuZGVybGlzdD9xPVJlZ2lvbmFsZW50d2lja2x1bmcmbG9hZGVkPXRydWU=&orderColumn=2&orderDir=desc&start=0"
"USP Bund","Regionalentwicklung","BAI0.NAA7770.20 Werndorf - Lebring - Genehmigungstatbestände und Umweltfachbeiträge","ÖBB-Infrastruktur AG","2024-04-10","","","tender-detail?object=505019f6-4c66-4ce4-9700-a5ed3cf664c3-292bc768-f693-4e2f-b66c-dbae2b5ebf6c&backlink=L2F0Lmd2LmJtZHcuZXByb2MtcC9wdWJsaWMvdGVuZGVybGlzdD9xPVJlZ2lvbmFsZW50d2lja2x1bmcmbG9hZGVkPXRydWU=&orderColumn=2&orderDir=desc&start=0"
"USP Bund","Regionalentwicklung","110-kV-Netzerneuerung Mittelkärnten UVE Fachbereich ""Raumordnung""","KNG-Kärnten Netz GmbH","2023-11-23","","","tender-detail?object=fde58043-87ff-44b0-b6b0-3d089adfba4c-FN_246961d_BVergG-VIII-2-Z1_991604&backlink=L2F0Lmd2LmJtZHcuZXByb2MtcC9wdWJsaWMvdGVuZGVybGlzdD9xPVJlZ2lvbmFsZW50d2lja2x1bmcmbG9hZGVkPXRydWU=&orderColumn=2&orderDir=desc&start=0"
"USP Bund","Regionalentwicklung","110-kV-Netzerneuerung Mittelkärnten UVE Fachbereich ""Landschaft""","KNG-Kärnten Netz GmbH","2023-11-21","","","tender-detail?object=fde58043-87ff-44b0-b6b0-3d089adfba4c-FN_246961d_BVergG-VIII-2-Z1_429614&backlink=L2F0Lmd2LmJtZHcuZXByb2MtcC9wdWJsaWMvdGVuZGVybGlzdD9xPVJlZ2lvbmFsZW50d2lja2x1bmcmbG9hZGVkPXRydWU=&orderColumn=2&orderDir=desc&start=0"
"USP Bund","Regionalentwicklung","Einführung und Testung eines digital unterstützten, breit getragenen, regional verankerten Innovationsprozesses im Rahmen des Piloten ""Regionalentwicklung Kreislaufwirtschaft""","Bundesministerium für Finanzen","2023-06-06","","","tender-detail?object=23602b0b-c7b0-4f10-9910-7ee5329433bc-647e5b4d4d1dfd6a30da9fb0&backlink=L2F0Lmd2LmJtZHcuZXByb2MtcC9wdWJsaWMvdGVuZGVybGlzdD9xPVJlZ2lvbmFsZW50d2lja2x1bmcmbG9hZGVkPXRydWU=&orderColumn=2&orderDir=desc&start=0"
"USP Bund","Regionalentwicklung","Rahmenvereinbarung für die Erweiterung von E-Paper-Technologie für dynamische Fahrgastinformation an Haltestellen","Regionalverband Pinzgau - Verein Regionalentwicklung Pinzgau","2023-05-07","","","tender-detail?object=a2c49245-23b2-46e1-acc7-c5a78913a090-f7f83f95-b4e6-4f91-990d-d2e86152fecd&backlink=L2F0Lmd2LmJtZHcuZXByb2MtcC9wdWJsaWMvdGVuZGVybGlzdD9xPVJlZ2lvbmFsZW50d2lja2x1bmcmbG9hZGVkPXRydWU=&orderColumn=2&orderDir=desc&start=0"
"USP Bund","Regionalentwicklung","Begleitende Beratung und operative Mitwirkung an Vorbereitung und Umsetzung einer Initiative zur Unterstützung von regionalen Informationssystemen (RESI) in zwei ausgewählten Tourismuspilotregionen","Bund, vertreten durch den Bundesminister für Arbeit und Wirtschaft und den Bundesminister für Land- und Forstwirtschaft, Regionen und Wasserwirtschaft","2023-04-26","","","tender-detail?object=a2c49245-23b2-46e1-acc7-c5a78913a090-a72550c4-1c29-4faa-b52b-5c114284f8ea&backlink=L2F0Lmd2LmJtZHcuZXByb2MtcC9wdWJsaWMvdGVuZGVybGlzdD9xPVJlZ2lvbmFsZW50d2lja2x1bmcmbG9hZGVkPXRydWU=&orderColumn=2&orderDir=desc&start=0"
"USP Bund","Regionalentwicklung","Generalunternehmerverfahren Ressourcenpark Hönigsberg – Mürzverband“","Wasserverband Mürzverband undAbfallwirtschaftsverband Mürzverband","2023-02-20","2023-03-10","","tender-detail?object=23602b0b-c7b0-4f10-9910-7ee5329433bc-63f2aa6faa12d3c1ef3c8f71&backlink=L2F0Lmd2LmJtZHcuZXByb2MtcC9wdWJsaWMvdGVuZGVybGlzdD9xPVJlZ2lvbmFsZW50d2lja2x1bmcmbG9hZGVkPXRydWU=&orderColumn=2&orderDir=desc&start=0"
"USP Bund","Regionalentwicklung","Rahmenvereinbarung UVP/UVE Koordinator EWG und EKV","ENERGIE GRAZ GMBH & CO KG","2023-01-19","","","tender-detail?object=fde58043-87ff-44b0-b6b0-3d089adfba4c-FN_234711_p_BVergG-VIII-2-Z1_296862&backlink=L2F0Lmd2LmJtZHcuZXByb2MtcC9wdWJsaWMvdGVuZGVybGlzdD9xPVJlZ2lvbmFsZW50d2lja2x1bmcmbG9hZGVkPXRydWU=&orderColumn=2&orderDir=desc&start=0"
"USP Bund","Regionalentwicklung","BAI0.AMP002.03: Flughafen Wien - Ostbahn; Errichtung Verbindungsstrecke, UVP Genehmigungsplanung - Neuvergabe FB Regionalentwicklung und Ortsplanung","ÖBB-Infrastruktur AG","2022-09-21","","","tender-detail?object=505019f6-4c66-4ce4-9700-a5ed3cf664c3-526f210f-48f3-47e5-9d95-dd291233d3bd&backlink=L2F0Lmd2LmJtZHcuZXByb2MtcC9wdWJsaWMvdGVuZGVybGlzdD9xPVJlZ2lvbmFsZW50d2lja2x1bmcmbG9hZGVkPXRydWU=&orderColumn=2&orderDir=desc&start=0"
"USP Bund","Regionalentwicklung","Rahmenvereinbarung für Sicherheitsdienstleistungen ""Gemeindestreife"" Pinzgau","Regionalverband Pinzgau - Verein Regionalentwicklung Pinzgau","2022-09-21","","","tender-detail?object=a2c49245-23b2-46e1-acc7-c5a78913a090-bd7740a9-dd75-4b10-8b01-dafd18262329&backlink=L2F0Lmd2LmJtZHcuZXByb2MtcC9wdWJsaWMvdGVuZGVybGlzdD9xPVJlZ2lvbmFsZW50d2lja2x1bmcmbG9hZGVkPXRydWU=&orderColumn=2&orderDir=desc&start=0"
"USP Bund","Regionalentwicklung","Rahmenvereinbarung Freies Radio Pinzgau","Regionalverband Pinzgau - Verein Regionalentwicklung Pinzgau","2022-07-27","","","tender-detail?object=a2c49245-23b2-46e1-acc7-c5a78913a090-336ba996-678b-4ac7-a7ff-1167a8aa34bc&backlink=L2F0Lmd2LmJtZHcuZXByb2MtcC9wdWJsaWMvdGVuZGVybGlzdD9xPVJlZ2lvbmFsZW50d2lja2x1bmcmbG9hZGVkPXRydWU=&orderColumn=2&orderDir=desc&start=0"
"USP Bund","Regionalentwicklung","Rahmenvereinbarung für Pflegedienstleistungen COMMUNITY NURSE","Regionalverband Pinzgau - Verein Regionalentwicklung Pinzgau","2022-06-05","","","tender-detail?object=a2c49245-23b2-46e1-acc7-c5a78913a090-d1287886-d7cc-42dc-8d24-199e1628f35a&backlink=L2F0Lmd2LmJtZHcuZXByb2MtcC9wdWJsaWMvdGVuZGVybGlzdD9xPVJlZ2lvbmFsZW50d2lja2x1bmcmbG9hZGVkPXRydWU=&orderColumn=2&orderDir=desc&start=0"
"USP Bund","Regionalentwicklung","Koralmbahn Graz - Klagenfurt, Koralmtunnel - Koralmtunnel, Implementierung BÜK","ÖBB-Infrastruktur AG","2022-02-02","","","tender-detail?object=505019f6-4c66-4ce4-9700-a5ed3cf664c3-6deb75fd-c583-4573-b9a9-e66160a0be99&backlink=L2F0Lmd2LmJtZHcuZXByb2MtcC9wdWJsaWMvdGVuZGVybGlzdD9xPVJlZ2lvbmFsZW50d2lja2x1bmcmbG9hZGVkPXRydWU=&orderColumn=2&orderDir=desc&start=0"
"USP Bund","Regionalentwicklung","Entwicklung und Integration von Crowdfunding Tools in die Plattform WeLocally.at zur Unterstützung lokaler Akteur:innen im ländlichen Raum","Bundesministerium für Landwirtschaft, Regionen und Tourismus (BMLRT)","2021-11-24","","","tender-detail?object=23602b0b-c7b0-4f10-9910-7ee5329433bc-619d72d67a5475faae7adc17&backlink=L2F0Lmd2LmJtZHcuZXByb2MtcC9wdWJsaWMvdGVuZGVybGlzdD9xPVJlZ2lvbmFsZW50d2lja2x1bmcmbG9hZGVkPXRydWU=&orderColumn=2&orderDir=desc&start=0"
"USP Bund","Projektmanagement","40B-02089 Projektsteuerung, KZ-Gedenkstätte Gusen, Georgestrasse 7, 4222 Langenstein","Burghauptmannschaft Österreich","2026-03-31","","","tender-detail?object=a2c49245-23b2-46e1-acc7-c5a78913a090-07ed2b89-b79c-42b5-9f57-3b0f669f51a0&backlink=L2F0Lmd2LmJtZHcuZXByb2MtcC9wdWJsaWMvdGVuZGVybGlzdD9xPVByb2pla3RtYW5hZ2VtZW50JmxvYWRlZD10cnVl&orderColumn=2&orderDir=desc&start=0"
"USP Bund","Projektmanagement","Abruf aus Rahmenvereinbarung ITPMPE2021, Los 1, 4233653","Bundesrechenzentrum GmbH","2026-03-31","","","tender-detail?object=a2c49245-23b2-46e1-acc7-c5a78913a090-c8bd7f15-89f2-4db2-8d9a-4339f8672954&backlink=L2F0Lmd2LmJtZHcuZXByb2MtcC9wdWJsaWMvdGVuZGVybGlzdD9xPVByb2pla3RtYW5hZ2VtZW50JmxvYWRlZD10cnVl&orderColumn=2&orderDir=desc&start=0"
"USP Bund","Projektmanagement","Abruf aus Rahmenvereinbarung SAPDL2022, TL1, 4233691","Bundesrechenzentrum GmbH","2026-03-31","","","tender-detail?object=a2c49245-23b2-46e1-acc7-c5a78913a090-3b2a42db-7eed-422e-89e1-e91709661800&backlink=L2F0Lmd2LmJtZHcuZXByb2MtcC9wdWJsaWMvdGVuZGVybGlzdD9xPVByb2pla3RtYW5hZ2VtZW50JmxvYWRlZD10cnVl&orderColumn=2&orderDir=desc&start=0"
"USP Bund","Projektmanagement","Abruf aus Rahmenvereinbarung SAPDL2022, TL1, 4233710","Bundesrechenzentrum GmbH","2026-03-31","","","tender-detail?object=a2c49245-23b2-46e1-acc7-c5a78913a090-efe7110a-977a-4a82-92f5-98f98f996b0b&backlink=L2F0Lmd2LmJtZHcuZXByb2MtcC9wdWJsaWMvdGVuZGVybGlzdD9xPVByb2pla3RtYW5hZ2VtZW50JmxvYWRlZD10cnVl&orderColumn=2&orderDir=desc&start=0"
"USP Bund","Projektmanagement","Abruf aus Rahmenvereinbarung SAPDL2022, TL3, 4233766","Bundesrechenzentrum GmbH","2026-03-31","","","tender-detail?object=a2c49245-23b2-46e1-acc7-c5a78913a090-6a2bc009-695d-4c6d-aac5-134cd3e2f91d&backlink=L2F0Lmd2LmJtZHcuZXByb2MtcC9wdWJsaWMvdGVuZGVybGlzdD9xPVByb2pla3RtYW5hZ2VtZW50JmxvYWRlZD10cnVl&orderColumn=2&orderDir=desc&start=0"
"USP Bund","Projektmanagement","Generalunternehmer (""GU"") für die Herstellung, Lieferung und Montage hochwertiger Möblierungs- und Ausstattungsleistungen für die Büroräumlichkeiten der Auftraggeberin","Schloß Schönbrunn Kultur- u. Betriebsges.m.b.H.","2026-03-31","","","tender-detail?object=a2c49245-23b2-46e1-acc7-c5a78913a090-0f5dbe08-9fe4-497c-8d93-6f43c2d60382&backlink=L2F0Lmd2LmJtZHcuZXByb2MtcC9wdWJsaWMvdGVuZGVybGlzdD9xPVByb2pla3RtYW5hZ2VtZW50JmxvYWRlZD10cnVl&orderColumn=2&orderDir=desc&start=0"
"USP Bund","Projektmanagement","Unterstützungsleistung Projektmanagement, Projekt-Consultant & fachliche(r) IT-ExpertIn (FAEXP-IT)","Bundesministerium für Finanzen","2026-03-31","","","tender-detail?object=a2c49245-23b2-46e1-acc7-c5a78913a090-107562c1-36d1-4611-85de-ea540bea0dde&backlink=L2F0Lmd2LmJtZHcuZXByb2MtcC9wdWJsaWMvdGVuZGVybGlzdD9xPVByb2pla3RtYW5hZ2VtZW50JmxvYWRlZD10cnVl&orderColumn=2&orderDir=desc&start=0"
"USP Bund","Projektmanagement","23., Pülslgasse 3","Stadt Wien - Wiener Wohnen","2026-03-27","2026-04-27","","tender-detail?object=a2c49245-23b2-46e1-acc7-c5a78913a090-68cce7ad-fe1c-457d-b3ce-76479e76df93&backlink=L2F0Lmd2LmJtZHcuZXByb2MtcC9wdWJsaWMvdGVuZGVybGlzdD9xPVByb2pla3RtYW5hZ2VtZW50JmxvYWRlZD10cnVl&orderColumn=2&orderDir=desc&start=0"
"USP Bund","Projektmanagement","A13 ASt Ibk Süd Sicherheitsumbau, km 2,3 – 3,6 - TPS (Technische Projektsteuerung) + ÖBA","Autobahnen- und Schnellstraßen-Finanzierungs-Aktiengesellschaft","2026-03-27","2026-04-27","","tender-detail?object=41a809d9-0b61-4991-86b8-74dc07973af3-6cb9b0bf-e05e-4d9e-9e6e-2c3d478c2095&backlink=L2F0Lmd2LmJtZHcuZXByb2MtcC9wdWJsaWMvdGVuZGVybGlzdD9xPVByb2pla3RtYW5hZ2VtZW50JmxvYWRlZD10cnVl&orderColumn=2&orderDir=desc&start=0"
"USP Bund","Projektmanagement","10., Kudlichgasse 12, Schrankenberggasse 22, Puchsbaumgasse 11-13","Stadt Wien - Wiener Wohnen","2026-03-26","2026-04-27","","tender-detail?object=a2c49245-23b2-46e1-acc7-c5a78913a090-91c4b942-5db8-4f9c-8f98-f9b9d5b7bddc&backlink=L2F0Lmd2LmJtZHcuZXByb2MtcC9wdWJsaWMvdGVuZGVybGlzdD9xPVByb2pla3RtYW5hZ2VtZW50JmxvYWRlZD10cnVl&orderColumn=2&orderDir=desc&start=0"
"USP Bund","Projektmanagement","20., Treustraße 61-69","Stadt Wien - Wiener Wohnen","2026-03-26","","","tender-detail?object=a2c49245-23b2-46e1-acc7-c5a78913a090-463e21d3-22fd-456d-ab8e-5cafc49bdbc8&backlink=L2F0Lmd2LmJtZHcuZXByb2MtcC9wdWJsaWMvdGVuZGVybGlzdD9xPVByb2pla3RtYW5hZ2VtZW50JmxvYWRlZD10cnVl&orderColumn=2&orderDir=desc&start=0"
"USP Bund","Projektmanagement","10., Bürgergasse 10","Stadt Wien - Wiener Wohnen","2026-03-24","2026-04-27","","tender-detail?object=a2c49245-23b2-46e1-acc7-c5a78913a090-2e90c367-0316-4462-9850-65d3a771e18b&backlink=L2F0Lmd2LmJtZHcuZXByb2MtcC9wdWJsaWMvdGVuZGVybGlzdD9xPVByb2pla3RtYW5hZ2VtZW50JmxvYWRlZD10cnVl&orderColumn=2&orderDir=desc&start=0"
"USP Bund","Projektmanagement","DiVi_Change- und Projektmanagement","ASFINAG Maut Service GmbH","2026-03-24","","","tender-detail?object=41a809d9-0b61-4991-86b8-74dc07973af3-d701b5f9-8085-4e1c-90ef-32ad6b3772f2&backlink=L2F0Lmd2LmJtZHcuZXByb2MtcC9wdWJsaWMvdGVuZGVybGlzdD9xPVByb2pla3RtYW5hZ2VtZW50JmxvYWRlZD10cnVl&orderColumn=2&orderDir=desc&start=0"
"USP Bund","Projektmanagement","FSW_Rahmenvereinbarung Consultingleistungen (ROD2415)","Fonds Soziales Wien","2026-03-24","","","tender-detail?object=a2c49245-23b2-46e1-acc7-c5a78913a090-210c6aa7-5356-4d2c-9333-6108d48b3c54&backlink=L2F0Lmd2LmJtZHcuZXByb2MtcC9wdWJsaWMvdGVuZGVybGlzdD9xPVByb2pla3RtYW5hZ2VtZW50JmxvYWRlZD10cnVl&orderColumn=2&orderDir=desc&start=0"
"USP Bund","Projektmanagement","S 10 Mühlviertler Schnellstraße Freistadt Nord – Rainbach Nord - Bau- und hydrogeologische Dokumentation – Tunnel und Freiland","Autobahnen- und Schnellstraßen-Finanzierungs-Aktiengesellschaft","2026-03-23","","","tender-detail?object=41a809d9-0b61-4991-86b8-74dc07973af3-2f412be6-df32-4046-b89b-a621e10b65c3&backlink=L2F0Lmd2LmJtZHcuZXByb2MtcC9wdWJsaWMvdGVuZGVybGlzdD9xPVByb2pla3RtYW5hZ2VtZW50JmxvYWRlZD10cnVl&orderColumn=2&orderDir=desc&start=0"
"USP Bund","Projektmanagement","Abruf aus Rahmenvereinbarung ITPMPE2021, Los 1, 4233684","Bundesrechenzentrum GmbH","2026-03-22","","","tender-detail?object=a2c49245-23b2-46e1-acc7-c5a78913a090-4861c543-0e2a-4eb9-bd81-a10ad1cc0d83&backlink=L2F0Lmd2LmJtZHcuZXByb2MtcC9wdWJsaWMvdGVuZGVybGlzdD9xPVByb2pla3RtYW5hZ2VtZW50JmxvYWRlZD10cnVl&orderColumn=2&orderDir=desc&start=0"
"USP Bund","Projektmanagement","10., Wendstattgasse 7","Stadt Wien - Wiener Wohnen","2026-03-19","2026-04-20","","tender-detail?object=a2c49245-23b2-46e1-acc7-c5a78913a090-ef497947-22f6-4318-ad48-cc6ad4f110a8&backlink=L2F0Lmd2LmJtZHcuZXByb2MtcC9wdWJsaWMvdGVuZGVybGlzdD9xPVByb2pla3RtYW5hZ2VtZW50JmxvYWRlZD10cnVl&orderColumn=2&orderDir=desc&start=0"
"USP Bund","Projektmanagement","AKÜ 2023","Umweltbundesamt GmbH","2026-03-19","","","tender-detail?object=a2c49245-23b2-46e1-acc7-c5a78913a090-b2df6648-b711-4d65-80cf-b30680d03fc1&backlink=L2F0Lmd2LmJtZHcuZXByb2MtcC9wdWJsaWMvdGVuZGVybGlzdD9xPVByb2pla3RtYW5hZ2VtZW50JmxvYWRlZD10cnVl&orderColumn=2&orderDir=desc&start=0"
"USP Bund","Projektmanagement","Dienstleistungskontingent (100 Personentage)","Österreichisches Patentamt","2026-03-16","","","tender-detail?object=009b7802-0b04-4fee-8dac-3922bd5098ae-KD_2296454&backlink=L2F0Lmd2LmJtZHcuZXByb2MtcC9wdWJsaWMvdGVuZGVybGlzdD9xPVByb2pla3RtYW5hZ2VtZW50JmxvYWRlZD10cnVl&orderColumn=2&orderDir=desc&start=0"
"USP Bund","Projektmanagement","Rahmenvereinbarung - Lean Management Österreich 2023-2025 (2026,2027) - Los 3 - Region Tirol & Vorarlberg","Autobahnen- und Schnellstraßen-Finanzierungs-Aktiengesellschaft","2026-03-16","","","tender-detail?object=41a809d9-0b61-4991-86b8-74dc07973af3-b1da59e9-1476-4c0c-a8cd-002e26f53f33&backlink=L2F0Lmd2LmJtZHcuZXByb2MtcC9wdWJsaWMvdGVuZGVybGlzdD9xPVByb2pla3RtYW5hZ2VtZW50JmxvYWRlZD10cnVl&orderColumn=2&orderDir=desc&start=0"
"USP Bund","Projektmanagement","A10, HMS+NMS, Lean Management","Autobahnen- und Schnellstraßen-Finanzierungs-Aktiengesellschaft","2026-03-13","","","tender-detail?object=41a809d9-0b61-4991-86b8-74dc07973af3-68771ee9-6417-467f-84de-63fd4f8697d2&backlink=L2F0Lmd2LmJtZHcuZXByb2MtcC9wdWJsaWMvdGVuZGVybGlzdD9xPVByb2pla3RtYW5hZ2VtZW50JmxvYWRlZD10cnVl&orderColumn=2&orderDir=desc&start=0"
"USP Bund","Projektmanagement","Abruf aus Rahmenvereinbarung Projektmanagement Dienstleistungen","ÖBB Business Competence Center GmbH","2026-03-13","","","tender-detail?object=505019f6-4c66-4ce4-9700-a5ed3cf664c3-14851c03-1827-4875-a573-1777d8342ace&backlink=L2F0Lmd2LmJtZHcuZXByb2MtcC9wdWJsaWMvdGVuZGVybGlzdD9xPVByb2pla3RtYW5hZ2VtZW50JmxvYWRlZD10cnVl&orderColumn=2&orderDir=desc&start=0"
"USP Bund","Projektmanagement","1. Abruf aus Rahmenvereinbarung für Lizensierung von DPW Software Produkten","Umweltbundesamt GmbH","2026-03-12","","","tender-detail?object=a2c49245-23b2-46e1-acc7-c5a78913a090-9535c1ec-4aca-44c9-a970-4b82bd54f2a9&backlink=L2F0Lmd2LmJtZHcuZXByb2MtcC9wdWJsaWMvdGVuZGVybGlzdD9xPVByb2pla3RtYW5hZ2VtZW50JmxvYWRlZD10cnVl&orderColumn=2&orderDir=desc&start=0"
"USP Bund","Projektmanagement","23., Elisenstraße 24-26","Stadt Wien - Wiener Wohnen","2026-03-12","","","tender-detail?object=a2c49245-23b2-46e1-acc7-c5a78913a090-af2feaa4-fa55-4cd7-a91d-8b5087d7cf7c&backlink=L2F0Lmd2LmJtZHcuZXByb2MtcC9wdWJsaWMvdGVuZGVybGlzdD9xPVByb2pla3RtYW5hZ2VtZW50JmxvYWRlZD10cnVl&orderColumn=2&orderDir=desc&start=0"
"USP Bund","Projektmanagement","12., Hohenbergstraße 34, 12., Hohenbergstraße 36-38, 12., Hohenbergstraße 40","Stadt Wien - Wiener Wohnen","2026-03-11","2026-04-13","","tender-detail?object=a2c49245-23b2-46e1-acc7-c5a78913a090-bce09f90-9b5f-44bc-a6b3-819cc9bb7f48&backlink=L2F0Lmd2LmJtZHcuZXByb2MtcC9wdWJsaWMvdGVuZGVybGlzdD9xPVByb2pla3RtYW5hZ2VtZW50JmxvYWRlZD10cnVl&orderColumn=2&orderDir=desc&start=0"
